Organization Name,Website
Unsloth AI,www.unsloth.ai
Donut Media,donut.media
Business Cyber Guardian™ a Reliable Energy Analytics...,reliableenergyanalytics.com/
Mochi Health,joinmochi.com
Narrato,narrato.io
Optimizer AI,www.optimizera.xyz
Julius AI,julius.ai
Better Earth,www.betterearth.solar/
Kolkata Chai,kolkatachai.co/
100XBIO,www.100xbio.com/
Healthy Roots Dolls,www.healthyrootsdolls.com
AI My AI,stimyapp.com
Sendspark,www.sendspark.com
TryCrew,www.trycrew.ai
upsolve AI,upsolve.ai
Spiky.ai,spiky.ai
Careerflow.ai,www.careerflow.ai
Datum Source,datumsourse.com
Vapi,vapi.ai/
ClearCOGS,www.clearcogs.com/
Metopic,metopic.com
Athina AI,athina.ai
AI-BeautyRightBack,www.beautyrightback.com
JoinGobi,joingobi.com
DataPad,www.datapad.io
Groflex,groflexerp.com/
Phind,phind.com
Jenni AI,jenni.ai
sync. labs,synclabs.so/
Cuberg,www.cuberg.net
Greener Herd,www.greenerherd.com
Fortress,fortress.build
Ranked Technology & Ranked Media and Technologies,ranked.technology
Kusha,kusha.ai/
Konvas AI,konvas.ai
FinTool.com,www.buildwithfern.com/
RoomBUS,www.roombus.com
Two Dots,www.twodots.net
Freightmate AI,www.freightmate.ai/
Fabric Health,www.fabrichealth.org/
Thunder Compute,thundercompute.com
Unicoin,unicoin.com/
WithGale HSA,www.withgale.com
Fluency,www.fluency.inc/
Ocular AI,www.useocular.com
Octolane AI,www.octolane.com/
FirstWork,www.firstwork.com/
K-Scale Labs,kscale.dev/
JoinMaverly,www.joinmaverly.com/
MathGPTPro,info.mathgptpro.com/
Trestle,www.trestleiq.com
DanswerAI,www.danswer.ai
Bask Health,www.bask.bio/
Throne,throne.com
Azure Printed Homes,azureprintedhomes.com
eWaste Pro,www.ewaste.pro/
Reductio,reductio.ai
Scalestak,scalestack.ai
Autoket,www.autoket.com/
Lithero,www.litheroai.com
Clerk Chat,clerk.chat
Supademo,supademo.com
Pickleheads,www.pickleheads.com
ReadyDig,mtcequipment.net/
ElectroKare,elektrokare.com/
GrowthBook,www.growthbook.io
Afflorai,afflorai.com
AskKyber,askkyber.com
Keywords AI,keywordsai.co
Arintra,arintra.com
Swivel,www.swivelbeauty.com/
Adaptive,adaptive.live
Arini,www.arini.ai
KALM Therapeutics,kalmtherapeutics.com/
Berri AI,berri.ai
Cut+Dry,www.cutanddry.com/
Accelsus,www.accelsius.com
B2Brock Rocket,b2brock.ai/
Momentiic,momentiic.ai
The Home Team,hirehometeam.com/
Brand.ai,brand.ai/
Hatch Compliance,www.hatchcompliance.com/
Persana AI,www.persana.ai
Archive Intel,archiveintel.com
Nim Video,nim.video
Tusk,usetusk.ai
FlowiseAI,flowiseai.com/
Lume,www.lume.ai
Chefe Robotics,www.ChefeRobotics.com
Truva,truva.ai
Weeknd,weekndsocial.app
UseHuron,usehuron.com/
Ping Labs,ping.gg/
GoodGist,www.goodgist.com/
BetMGM,www.betmgminc.com/
Smooth Ag,www.smoothag.com
Instant,www.instantdb.com/
OmniSynkAI,www.omnisynkai.com
Shippn,www.shippn.com
CodeAnt AI,www.codeant.ai
GosaSomeday,www.gosasomeday.com
HomeText,home.onetext.com
FuzeMee,www.fuzemee.com
Konko AI,www.konko.ai
Magic Mind,magicmind.com/
Dardo Studios,dardostudios.com
FinTool.com,www.fintool.com
Letterdrop,letterdrop.com
VideoGen,videogen.io
Icardio.AI,icardio.ai/
Fileforge,fileforge.com/
Naza Beauty,www.nazabeauty.com/
UseBrainbase,usebrainbase.com
Seam,seam.co
Bledio Tech,bleedio.com
AlwaysHired,www.alwayshired.com/
Mesha,www.mesha.club
Epsilia,epsilia.com
Culture Genesis,www.culturegenesis.com
Fungies.io,fungies.io/
Reprompt,reprompt.ai.com
Scout,scoutclimate.com
Latent,latenthealth.com
ToMarket,tomarket.farm
Dex,getdex.com/
GuidenAI,guidenai.com
EcoRatings,www.ratings.eco
Alquist 3D,www.alquist3d.com/
The Cru,www.thecru.com/
Dobbie,dobbie.io
Endo Health,endohealth.ai
Tymeline,tymeline.app
Additor,additor.io/
Saner.AI,saner.ai/
Mediabook,mediabook.us
Clarum,clarum.ai
YouMakr,youmakr.com
Zinnia,www.getzinnia.com
Spine AI,www.getspine.ai
SweatPals,www.sweatpals.com
WithChima,www.withchima.com/
REMspace,remspace.net
Markprompt,markprompt.com/
GetCargo,getcargo.io
Airgoods,airgoods.com
Revnest,revnest.com
OpenRefactory,www.openrefactory.com
Insight,www.insight.io/
HeHealth Inc,www.hehealth.ai/
Feedback Intelligence,www.feedbackintelligence.ai/
Nango,www.nango.dev
Deux Foods,www.eatedeux.com/
PromptArmor,promptarmor.com/
Nudge Money,www.nudgemoney.com
Homegrown,www.joinhomegrow.com
Knapsack,www.knapsack.ai
TheKeys,www.thekeys.ai
Paperflite,www.paperflite.com
Numeral,www.numeralhq.com
Tabler,www.tablerapp.com
Atlas Privacy,www.atlas.net/
Nectar Vet,www.nectarvet.com/
Motion AI,www.motion.ai
PassCash,www.passcash.org
Sharper Sense,www.sharpersense.com/
Pibit,pibit.ai/
Magic Hour,magic hour.ai
Lilac Labs,lilaclabs.ai
InspectMind,www.inspectmind.ai
Velvet,velvetfs.com
Aftershoot,aftershoot.com
Citibot,www.citibot.io/
Mabiti Artisanal Tea®,mabititea.com/
Ego,ego.live
Phonely,phonely.ai
StackSync,www.stacksync.cloud/
Avoca,www.avoca.ai
Little Place Labs,www.littleplace.com/
WarrCloud,www.warrcloud.com/
TrySalient,www.trysalient.com
Established,established.inc/
Nowadays,www.getnowadays.com/
HireNimble,www.hirenimble.com
Tola,www.tolahq.com
Fume,fumedev.com
1stCollab,www.1stcollab.com
Monumental Labs,www.monumentallabs.co/
Verta,verta.dev/
Byte Federal,www.bytefederal.com/
Musicify,musicfy.lol
Nuvalence,nuvalence.io
Storial,storial.ai.com
Qualitative Unified Operation Base Organizer,‐
Evidently AI,evidentlyai.com
Adagy Robotics,www.adagyrobotics.com
Upscale,upscale.ai/
AminoAnalytica,www.aminoanalytica.app/
BeforeSunset AI,www.before sunset.ai/
PodcastAI,podcastai.com
Kater,www.kater.ai
Rekt Brands,claim.rektbrands.xyz/
310.ai,310.ai
Youthforia,youthforia.co
NeuroReef,www.neurreef.com/
Storyheap,storyheap.com
Earkick,earkick.com/
Fieldston Power,fieldstonpower.com/
Hadron Energy,www.hadronenergy.com/
TheVoxAsia AI,www.thevoxasial.com/
Kastle,www.kastle.ai
Trynova AI,trynova.ai
Astra Security,www.getastra.com
MarLabs,www.marlabs.com/
Steer Health,steerhealth.io
UiAgent,uiagent.co
Pivot Robots,pivotrobots.com
Docus,docus.ai/
Colors AI,colors-ai.com/
Mentalyc Inc.,www.mentalyc.com
WeatherCheck,weathercheck.co
Vagon,vagon.io
RevMatch,www.revmatch.io
Voicepanel,www.voicepanel.com/
GitRoll,gitroll.io/
V2K AI,v2k.ai
Availyst,home.availyst.com/
Jointaro - Software Engineer Growth,www.jointaro.com/
Metalware,www.metalware.io
OurMaia,ourmaia.com/
Toma,toma.so
Outerbase,www.outerbase.com
Getro,www.getro.com
Metabob,metabob.com/
Driver AI,www.driver.ai/
Constructable,constructable.ai
Aiflow,www.aiflow.solutions/
InspectLabs,www.inspectlabs.com
Gooey AI,gooey.ai
Chatfuel,chatfuel.com/
Keye,www.keye.co
Leantime,www.leantime.io
Axpx,www.axpx.ai
Exploding Gradients,ragas.io/
Terrace,www.terrace.fi/
AlgoPear,www.algopea.com
GetSpade,getspade.ai
Strobes Security,strobes.co/
Sola,www.sola-solutions.com/
Ncat,ncat.com
Algorized,www.algorized.com/
Styldod,www.styldod.com/
FitnessAI,fitnessai.com/
FLUIX,www.fluix.ai/
Pipeshift,pipeshift.com
PensaRAI,www.pensarai.com
Innovative Midfoot Solutions,‐
Bonsai,www.hellobonsai.com/
Pagescreen,pagescreen.net/
Mainstack,mainstack.co/
Stibee,stibee.com
Social Snowball,www.socialsnowball.io
CHER®,cherahome.com/
Taiki,www.taiki.ai
Arrow AI,www.getarrow.ai
Onghost,on ghost.com/
BuiltRight,builtright.co
Assembly HOA,www.assemblyhoa.com
Vooma,www.vooma.ai
Lucite,www.lucite.ai/
StarTx,www.thestartx.com/
Ekho Dealer,www.ekhodealer.com
Trident AI,trident.ai
Quillai,www.quillai.com
Cardinal,cardinalapp.io/
CodeCrafters,codecrafers.io
Bifrost Orbital,bifrostorbital.com
HostAI,www.hostai.app
SymbIAI,symbiai.com
Vertical Data,www.verticaldata.io/
Nuanced,www.nuanced.dev
Storydoc,storydoc.org
PropTexX,proptexx.com
Chalkboard,www.chalkboard.io/
Kaamfu,www.kaamfu.io
Decoda Health,decodahealth.com
qBotica,www.qbotica.com
Prospero.Ai,www.prospero.ai/
Relm,www.relm.ai
Cryya,www.cryya.co
Centralize,www.usecentralize.com/
Fleeting,www.fleeting.us
GetAgency,getaggency.com/
Leafpress,leafpress.io
Tennis Finance,www.tennisfinance.com
GetClearSpace,www.getclearspace.com
SID.ai,sid.ai
JoinMagic,www.joinmagic.com
Zensors,www.zensors.com
Datacurve,datacurve.ai
Figbox,figbox.co/dashboard/home
OpenCX,open.cx
SPRX Technologies,www.sprx.tax
Cubitale,www.cubtale.com/
Virtual Staging AI,www.virtualstagingai.app/
AnswerGrid,answergrid.ai
Remy Security,www.remysec.com/
PulpOAR,pulpoar.com/
Astro Mechanica,astromecha.co
Journify,www.journify.io
Clockout,joinclockout.com
GetDecipher AI,getdecipher.com/
APIGen,www.apigen.com/
Encore Venture Labs,www.encoreventurel abs.com/
CommodityAI,www.commodityai.io
Ryse,www.rysemarket.com/
Tamarind Bio,www.tamarind.bio/
Structured,www.structurelabs.com/
Wildr,www.wildr.com
Ozura,ozura.com/
Visionify,visionify.ai
Meomind,www.meomind.com
Jumpspeak,www.jumpspeak.com/
Manifold Markets,manifold.markets
BeChained,bechained.com
Agentic Labs,agenticlabs.com
DeepReel Technologies, Inc.,www.deepreel.com
Eulerity,www.eulerity.com
DINGG,dingg.app
Halo Cars,halocars.co
Mintmesh,mintmesh.ai
Offered.ai,www.offered.ai/
Kidsy,kidsy.co
EasyVirtualFair,www.easyvirtualfair.com
North American Energy Opportunities,northamericanenergyopportunities.com/
Lantern,lantern.dev
Satlantis,satlantis.io/
AthleteIQ,www.athlete-iq.net/
Soraban,www.soraban.com
Pair AI,www.pair.ai.com/
Maiden Home,www.maidenhome.com/
GoldenBasis,goldenbasis.com
Tracecat,tracecat.com
Digit,www.digit-software.com
Sei,www.seiright.com/
Tactical Edge Systems,tacticaledgesystems.com/
1True Health,www.1truehealth.com
Tomi.ai,www.tomi.ai
Canopy Farm Management,canopyfm.com/
Reflexion AI,reflexion.ai
Dodocs,dodocs.ai
Vosa Spirits,www.vosaspirits.com
BiteSight,delivery.bitesight.co/
Revoy,www.revoy.com/
Identity Matrix,identitymatrix.ai
Alife Virtual Metaverse,www.alifevirtual.com/
Centauri AI,centauri-ai.tech
Fairway Health,www.fairwayhealth.co
Phoam Labs,www.phoamlabs.com/
3DProBox,3dprobox.com/
PareA AI,www.parea.ai/
WithAndy AI,with-andy.com
Distributed Spectrum,distributedspectrum.com
LiveRego,liverego.com
UseBracket,www.usebracket.com/
Cedana,www.cedana.ai
Wavel.ai,wavel.ai
Helix Wireless,helixwireless.co
Blee,www.blee.com/
EdgeTrace,www.edgetrace.ai
Atople,atopile.io/
Esiminghub Inc,esimghub.com
Ember Sword,embersword.com
Leapcure,www.leapcure.com/
Neighborbrite,neighborbrite.com
Buster,www.buster.so
Vesti,app.westvi.com/
SSOReady,ssoready.com
Noty.ai,www.noty.ai/
MAIHEM,www.maihem.ai
SendPulse,sendpulse.com
Arva AI,www.arva.ai.com/
Meticulate,meticulate.ai/
SQOR Technologies Inc.,www.sqor.ai
Symphony,symphonysos.co
Foundation Labs,foundation.app/
Fastgen,fastgen.com/
One Stop Wellness,www.onestopwellness.com
TryMartin,www.trymartin.com
Turntable,www.turntable.so
Entrevo Capital,www.entrevocapital.com/
Nira Energy,www.niraenergy.com
Trykotechnologies,trykotech.com
AntiLand,AntiLand.com
Anaphero,www.anaphero.com/
Numo,numohq.com/
DeepVu,deepvu.co
Clarence Health,clarencehealth.com/
Supermomos,www.supermomos.com/
Katalyst Space Technologies,katalystspace.com
EllyAnalytics, Inc.,ellyanalytics.com/
Apero Health,www.aperohealth.com/
Playbyte,www.playbyte.com
Arroyo,www.arroyo.dev/
PartnerHQ,trypartnerhq.com
Shasta Health,www.shasta.health
Cometly,cometly.com
JoinCarma,www.joincarma.com/
Alliance DAO,alliance.xyz
Virtus Solis,www.virtussollis.space
EcoEnclose,www.ecoenclose.com
Bereve,www.bereve.io/
FleetWorks Technology,fleetworks.ai
Extend,www.extend.app
Trusli,www.trusli.com/
CogniCor,www.cognicor.com
Audily,audily.com
PointAI,point.ai
Innocuous AI,innocuous.ai
HeyPierre,heypierre.app
CambioML,www.cambiom.com/
Dextego,dextego.com/
Clarrip,www.clarrip.com
Balsa,balsa.com
Freeplay,www.freeplayapp.com/
GetZaymo,getzaymo.com
UseDataBrain,www.usedatabrain.com
Vigit,www.vigitapp.com/
Health Harbor,healthharbor.co/
WealthMore,www.wealthmore.net
Jupthy,www.jupthy.com
SpendRuby Card,www.spendruby.com
Selia,www.selia.co
Oat Haus,oat.haus/
HelloAmber AI,www.helloamber.ai
Booke,booke.ai
Cascadia Carbon,cascadiacarbon.com/
Cobrand,www.cobrand.com
LivemyLegend,www.livemylegend.com
Theratrics,www.theratrics.com
Yoodlize,www.yoodlize.com/
MathDash,mathdash.live
MyPlanKeeper™,www.myplankeeper.ai
Uvoodo,uvoodo.com/
Mindely,mindey.ai
Delv AI,www.delv.ai
Getstrada,www.getstrada.com
Tambua Health,www.tambuahealth.com
SubscriptionFlow,www.subscriptionflow.com/
Hireguide,www.hireguide.com/
Maya AI,mayaknows.com/
Aroopha,www.aropha.com/
Influxer,influxer.com
BRAVE UP!,www.braveup.com
Precip,precip.ai
GetArbit,getarbit.com/
Trytoby,www.trytoby.com
Blackstock & Weber,www.blackstockandweber.com
Mentium.io,www.mentium.io/
PureWave Hydrogen,www.purewavehydrogen.com/
HackerPulse,hackerpulse.io
FusionOS.ai,www.fusions.ai
Levoro,www.levro.com/
Carrot Labs,defcarrot.com/
GladeFinance,www.gladefinance.co
MAGPIE,magpiecollectibles.com/
Hazel,www.hazeltech.ai
CandorIQ,www.candoriq.com/
Balancy,balancy.co/
Reddy,reddy.io/
ContactOut,contactout.com
Atropates Capital,www.atropates.com/
Sanarai,www.sanarai.com/
AlphaWatch AI,www.alphawatch.ai
DataStarta Angel Investors List,datastarta.com
GetStarlight,www.get-starlight.com/
Diamante Blockchain,www.diamanteblockchain.com
SnapAds,snapads.io/
SimpleHash,simplehash.com/
Polymail,polymail.io
Doctor Droid,drdroid.io
Brewit,brewit.ai
Machnet,machnetinc.com/
HireMav,www.hiremav.com
Kalam Labs,www.kalamlabs.in/
NewsCatcher,newscatherapi.com/
Melior AI,melior.ai
Globe,globeliving.com/
Sorcerer,sorcerer.earth/
Elodin,www.elodin.systems
Ion Design,www.ion.design
BetterMynd,www.bettermynd.com/
JoinPongo,joinpongo.com
Sscrypted Inc.,www.scryptedinc.com
Loopin HQ,www.loopinhq.com/
Findly (YC S22),www.findly.ai/
CleverX,cleverx.com
Skylark AI,skylark.ai.com
TREW Automation,www.trewautomation.com/
Parasale,www.parasale.io/
Asha AI,asha.healthcare/
FINBOA,www.finboa.com
Cognitive View,cognitiveview.com/
Bonfire Analytics,www.bonfireanalytics.com
BHuman,bhuman.ai
WagerLab - Social Sports Betting,www.wagerlab.app/
Basepilot,www.basepilot.com
GetVector,getvector.ai
Imprint,imprint app.com
Wild Moose,www.wildmoose.ai
Ride Motive,www.ridemotive.com
ApexaiQ,www.apexaiq.com
Cloverleaf AI,www.cloverleaf.ai/
WatchLucid,www.watchlucid.com
UNOMI,getunomi.com/
Elloe,www.elloe.ai
The Wallet Group,thewalletrgroup.com/
ParkEasy,parkeasy.com/
Visdum,www.visdum.com/
Touch AI,touch.app
MapMyCrop,www.mapmycrop.com
ViewMind,www.viewmind.ai
GetDelve,www.getdelve.com
Gildform,www.gildform.com
Sun Haven Partners,sunhavenpartners.com/
Soar,www.soar.com/
Train,train.co
Neurosnap,neurosnap.ai/
ZeroDev,zerodev.app
SupplyPay,supplypaybtc.com
Make Sunsets,makesunsets.com
Lumina,www.lumina-chat.com
Oma Care,www.omacare.com
Athena,www.athenaintel.io
Elin.ai,elin.ai/
Oveit,www.oveit.com
ParcelBio,parcelbio.com
Labeller,www.labeller.com/
SvrF,www.svrf.com/
TryNara,trynara.com
Concourse,concourse.co
Payclair,payclair.com
Voomi Supply,voomisupply.com/
Hivel,www.hivel.ai
Sport.XYZ,www.sport.xyz
Top Tier Authentics,toptierauth.com
FIGPIN,figpin.com
Guide Labs,www.guidelabs.ai/
Orama,orama.com
Lisus,www.lisusenergy.com
EZDubs,www.ezdubs.ai
Kabilah,www.kabilah.com
LemonRocks,www.lemonrocks.com
BlueRecruit,bluerecruit.us
Curie,curie.co
GoAfterwork,goafterwork.com/
HeyKiddo,www.hey-kiddo.com
SuperInsight,www.superinsight.ai
Elai.io,elai.io/
Economize,www.economize.cloud/
EggNog AI,www.eggnog.ai/
Hemingway,hemingwayai.co
BeeTexting,beetexting.com/
Aidy,www.aidygrants.com
StyrK AI,styr.ai/
PostCredit,postcredit.co
Tractor Tuesday,tractortuesday.com/
Flint,www.flintk12.com
HeyBenny,www.heybenny.com
FilaManila,FilaManila.com/
JoinSwift,www.joinswift.app/
WithPretzel AI,withpretzel.com
Kerplunk,www.kerplunk.ai
RepliCAIDE,replicaide.com
Positive Finance,www.positive.finance
Fleksa,www.fleksa.com
USUL,usul.co/
Qumis,www.qumis.ai
RadMate AI,www.radmate.ai
GrowthPlug,www.growthplug.com/
Munch o,www.muncho.com
Cache,www.cache-dna.com/
Urolution Medical,www.urolution.com/
IllumiCell AI,www.illumicell.ai/
WaxWing AI,waxwing.ai
Pyros Pharmaceuticals,pyrospharma.com/
Delta Beverages,deltabevs.com
FacilitaPay,www.facilitapay.com
Kinisi,www.kinisi.ai
Fams,apps.apple.com/id6443483034
HistAI,hist.ai
Flora,floraliving.com
RevSetter,revsetter.com
Pam,www.pamhq.com
Drodat,drodat.com
Railbird,railbirdexchange.com/
GetDianah HR,getdianah.com
Hamul,www.hamul.gg/
Firezone,www.firezone.dev/
Blar,blar.io
Blacksmith,blacksmith.sh
Addison Bay,addisonbay.com/
Alguna,alguna.io
Electrr.com,www.electrr.com
NewCraft,www.newcraft.io
EduRev,edurev.in
Vectorly,www.vectorly.io
Form.io,form.io
Youate,youate.com/
GetQuantbase,www.getquantbase.com/
Mercoa,mercoa.com
Linc AI,www.linc-ai.com/
Stoney Creek Investments,stoneycreekinvestments.com/
Codex,www.codex.io
Zoolife,zoolife.tv
PeerBie,www.peerbie.com
CloudCruise,cloudcruise.com/
Vasowatch,www.vasowatch.com/
Revive Real Estate,revive.realestate
80days.me,www.80days.me
Corso,www.corso.com
ARTBnK,artd.ai/
Gamr,gamr.africa/
Archer Affiliates,archeraffiliates.com/
DeepNight,www.deepnight.ai/
Gitty,www.gitty.xyz
ShopCapsule,www.shopcapsule.ai
Pikurate,pikurate.com
EduDo,edudo.app/
PocketPod,pocketpod.app
Tribaja,www.tribaja.co
Mintplex Labs,mintplexlabs.com/
VirtuousAI,virtuosai.com
EmPath,www.empath.net
Focal,focalml.com
Winich Farms Inc (Winich Farms),winichfarms.com
Crossbar,crossbar.org
Carboldeger,www.carboldeger.com/
Spellbrush,spellbrush.com/
ClimeCast,www.climecast.com
Simpleen,simpleem.com/
Hylaine,www.hylaine.com/
Lyrise,www.lyrise.co
Applify AI,www.prodream.ai/
Cyber Apps World,cyberappsworld.com
Utobo INC.,utobo.com/
CamelQA,camelqa.com
Deliver.ai,deliver.ai
HeyParkday,heypardkay.com/
Dart,www.itsdart.com/
OddsView,www.oddsview.com
InQuery,inquiry-data.com
MeetForceField IO,www.meetforcefield.com/
SRVE,srve.co
Sharly AI,sharly.ai/
ID Privacy,www.idprivacy.io/
Skydeo,skydeo.com
Sandbox Wealth,sandboxwealth.com
Bench AI,bench.ai.com
Backdrop (formerly Twig),www.joinbackdrop.com/
Waydev,waydev.co
NeuronWriter,neuronwriter.net
Hammr,www.hammr.com/
Potion,www.potion.ai
Aetos Imaging,aetosimaging.com/
BetterBasket,www.betterbasket.ai/
Casap,casap hq.com
Sonnet,www.sonnetai.com
TechRow,techrow.org/
Hyperfan,hyperfan.com/
Dynania Health,www.dynaniahealth.com
Illow,illow.io
Heygent AI,www.heygent.ai
Umwelt People Tech Solutions Inc,umwelt.ai
VerifAI,www.verif.ai/
Vectorview,vectorview.ai
Talgeese AI,talgeese.ai
Desku.io,desku.io
SitereCon,siterecon.ai/
Saturation,saturation.io
Forml.ai,forml.ai/
Stonks Trading,‐
Anglera,www.anglera.com
KnowUpfront,www.know upfront.com
Wasmer,wasmer.io
Silogy,silogy.io
Alli Connect,alliconnect.com/
Memr Health,memrhealth.com
Symmetric Health Solutions,symmetrichealthsolutions.com/
Jigo AI,jigo.ai/
Offleashd,www.offleashd.com/
WiseLayer,www.wiselayer.com/
Question Base,www.questionbase.com/
Affinity Learning,www.itsaffinity.com
Tuva Health,tuvahealth.com
Clearpol,www.clearpol.com
Entvin,entvin.com/
THEYA,www.theya.us
Omi AI,omi.me
Quoli,quoli.io/
TLM Partners,tlmpartners.com
Kinometrix,www.kinometrix.com/
Wonder International Inc.,wonder.video
Azuki,www.azuki.co/
Enabled Intelligence,enabledintelligence.net/
Sonauto,sonauto.ai
CustomerGlu,www.customerglu.com
HeartByte,www.heartbyte.ai
SpeakEasy,managereasysgo.com/venues
EI Ventures,www.ei.ventures/
AlLibrary,www.alibrary.ai
Cylr,cylr.io
Gokommu,gokommu.com/
Revlitix,www.revlitix.com/
TheEssence App,www.theessence.app
Joinsymbiosis,joinsymbiosis.com
Kontractify,www.kontractify.com
Cabal,getcabal.com
Actiq,actiq.ai
MiddlewareHQ,www.middlewarehq.com/
Anarchy,anarchy.ai
FreeCash,www.freeca.sh
OneGrep,www.onegrep.dev/
Luca,luca.ai
Wolf,www.wolf.xyz
Zzan,www.zzan.io
Florasense,florasense.com
Forge Rewards,www.forgerewards.com
Charlie Health,www.charliehealth.com
Wise Assistant,www.wiseassistant.com
LawnTap,www.lawntap.com
Nyckel,www.nyckel.com/
Forge,www.forgehq.com
Namespace Labs,namespace.so/
Attunement,www.attunement.ai/
Heallia Health,www.healliahealth.com
Drawer AI,drawer.ai
SoraID,soraid.com/
Tile,tile.sh
Gigbanc,gigbanc.co
Baserun,www.baserun.ai/
Skyvern,www.skyvern.com/
Plugger.ai,www.plugger.ai
LongShot AI,www.longshot.ai/
Rubberband,rubberband.com
SWYE360 Learning,www.swye360.com/
GoInri,www.goinri.com
Cedalio,cedalio.com
Beselfmade,www.beselfmade.co/
Community Phone,communityphone.org/landline
Openfair,www.openfair.co
TensorDock,www.tensordock.com
OfOne,www.of.one
WingDriver,wingdriver.com/
Homebase,homebase.ai
Edge Orbital,www.edgeorbital.io
Lenme,www.lenme.com
TryInterlock,www.tryinterlock.com/
Tech Loop Agency,‐
Omni X,omni-x.io
Vroom Delivery,www.vroomdelivery.com/
Arva Intelligence,www.arvaintelligence.com/
Sol.ai,sol.ai
Peaka,www.peaka.com
Steno.ai,steno.ai
iSportz,www.isportz.co
Gecko,gecko.rent/en/hire-rental-software
NettyWorth,nettyworth.io/
RNAV8 Bio,‐
GoLorry,www.golorry.com/
Blume Benefits,www.blumebenefits.com/
NCompass Technologies,ncompass.tech
Dawn.ai,www.dawnai.com/
WealthBlock,wealthblock.ai
VOW,www.vow.app
Scritch,www.joinscritch.com
NoRamp,noramp.io
SpaceVerse,www.spaceverse-ai.com
Vengreso, Inc.,vengreso.com
Cartloop,cartloop.io
HeyPurple,www.heypurple.ai/
Aurelian,www.aurelian.io/
LucasPye BIO,lucaspyebio.com
GetFulcrum,www.getfulcrum.io/
Wuri,www.wuri.ai/
MIMR,www.mimr.com
Astral AR, LLC,www.astralar.com